PassengerId,Survived,Pclass,Age,SibSp,Parch,Fare,IsMale,Relatives,Embarked
1,0,3,-0.46153846153846156,1,0,-0.3120106021758714,1,1,0
2,1,1,0.7692307692307693,1,0,2.4612422909015312,0,1,1
3,1,3,-0.15384615384615385,0,0,-0.2827766613540295,0,0,0
4,1,1,0.5384615384615384,1,0,1.6737318966114614,0,1,0
5,0,3,0.5384615384615384,0,0,-0.277362968609244,1,0,0
6,0,3,0.0,0,0,-0.25967968262767654,1,0,2
7,0,1,2.0,0,0,1.6201363384380845,1,0,0
8,0,3,-2.0,3,1,0.2867438153974083,1,4,0
9,1,3,-0.07692307692307693,0,2,-0.14382665788926616,0,2,0
10,1,2,-1.0769230769230769,1,0,0.6763477929457417,0,1,1
11,1,3,-1.8461538461538463,1,1,0.09726456932991473,0,2,0
12,1,1,2.3076923076923075,0,0,0.5238635576190146,0,0,0
13,0,3,-0.6153846153846154,0,0,-0.277362968609244,1,0,0
14,0,3,0.8461538461538461,1,5,0.7285011433719076,1,6,0
15,0,3,-1.0769230769230769,0,0,-0.2858429769246761,0,0,0
16,1,2,2.076923076923077,0,0,0.06694788995911578,0,0,0
17,0,3,-2.0,4,1,0.6353856281615965,1,5,2
18,1,2,0.0,0,0,-0.06298073591573695,1,0,0
19,0,3,0.23076923076923078,1,0,0.15356697387568427,0,1,0
20,1,3,0.0,0,0,-0.31309334072482853,0,0,1
21,0,2,0.5384615384615384,0,0,0.5000433095419583,1,0,0
22,1,2,0.46153846153846156,0,0,-0.06298073591573695,1,0,0
23,1,3,-1.0,0,0,-0.27826380708197634,0,0,2
24,1,1,0.0,0,0,0.9114839581456586,1,0,0
25,0,3,-1.5384615384615385,3,1,0.2867438153974083,0,4,0
26,1,3,0.7692307692307693,1,5,0.7333734668422146,0,6,0
27,0,3,0.0,0,0,-0.31309334072482853,1,0,1
28,0,1,-0.6923076923076923,3,2,10.764404753655324,1,5,0
29,1,3,0.0,0,0,-0.28476023837571895,0,0,2
30,0,3,0.0,0,0,-0.2840412999792114,1,0,0
31,0,1,0.9230769230769231,0,0,0.5745703693437738,1,0,1
32,1,1,0.0,1,0,5.719743953987942,0,1,1
33,1,3,0.0,0,0,-0.29035583119672925,0,0,2
34,0,2,2.923076923076923,0,0,-0.1712545908114476,1,0,0
35,0,1,0.0,1,0,2.9327749289723513,1,1,1
36,0,1,1.0769230769230769,1,0,1.6260914004573488,1,1,0
37,1,3,0.0,0,0,-0.3129114406486037,1,0,1
38,0,3,-0.5384615384615384,0,0,-0.277362968609244,1,0,0
39,0,3,-0.7692307692307693,2,0,0.15356697387568427,0,2,0
40,1,3,-1.0769230769230769,1,0,-0.13913190354098817,0,1,1
41,0,3,0.9230769230769231,1,0,-0.21564687131868895,0,1,0
42,0,2,-0.07692307692307693,1,0,0.283495599750537,0,1,0
43,0,3,0.0,0,0,-0.2840412999792114,1,0,1
44,1,2,-1.9230769230769231,1,2,1.1747713256184602,0,3,1
45,1,3,-0.6923076923076923,0,0,-0.28476023837571895,0,0,2
46,0,3,0.0,0,0,-0.277362968609244,1,0,0
47,0,3,0.0,1,0,0.04529311897997366,1,1,2
48,1,3,0.0,0,0,-0.29035583119672925,0,0,2
49,0,3,0.0,2,0,0.31291144064860377,1,2,1
50,0,3,-0.7692307692307693,1,0,0.14490506548402746,0,1,0
51,0,3,-1.6153846153846154,4,1,1.092842665095974,1,5,0
52,0,3,-0.5384615384615384,0,0,-0.28819035409881505,1,0,0
53,1,1,1.6153846153846154,1,0,2.6971017254521517,0,1,1
54,1,2,0.07692307692307693,1,0,0.5000433095419583,0,1,0
55,0,1,2.8461538461538463,0,1,2.058285981567459,1,1,1
56,1,1,0.0,0,0,0.9114839581456586,1,0,0
57,1,2,-0.5384615384615384,0,0,-0.1712545908114476,0,0,0
58,0,3,0.038461538461538464,0,0,-0.3129114406486037,1,0,1
59,1,2,-1.7692307692307692,1,2,0.5758350079689557,0,3,0
60,0,3,-1.3076923076923077,5,2,1.405212736470099,1,7,0
61,0,3,-0.46153846153846156,0,0,-0.3129114406486037,1,0,1
62,1,1,0.7692307692307693,0,0,2.8387585752893076,0,0,0
63,0,1,1.3076923076923077,1,0,2.9892592335943453,1,1,0
64,0,3,-1.8461538461538463,3,2,0.5823314392626983,1,5,0
65,0,1,0.0,0,0,0.5745703693437738,1,0,1
66,1,3,0.0,1,1,0.03428383341417777,1,2,1
67,1,2,0.07692307692307693,0,0,-0.1712545908114476,0,0,0
68,0,3,-0.6923076923076923,0,0,-0.27267254521516177,1,0,0
69,1,3,-0.8461538461538461,4,2,-0.2827766613540295,0,6,0
70,0,3,-0.15384615384615385,2,0,-0.2508358741597949,1,2,0
71,0,2,0.3076923076923077,0,0,-0.1712545908114476,1,0,0
72,0,3,-0.9230769230769231,5,2,1.405212736470099,0,7,0
73,0,2,-0.5384615384615384,0,0,2.55724655256046,1,0,0
74,0,3,-0.15384615384615385,1,0,0.0,1,1,1
75,1,3,0.3076923076923077,0,0,1.8208024391934032,1,0,0
76,0,3,-0.23076923076923078,0,0,-0.29468678539255766,1,0,0
77,0,3,0.0,0,0,-0.2840412999792114,1,0,0
78,0,3,0.0,0,0,-0.277362968609244,1,0,0
79,1,2,-2.0900000000000003,0,2,0.629971935416811,1,2,0
80,1,3,0.15384615384615385,0,0,-0.0857182454438362,0,0,0
81,0,3,-0.46153846153846156,0,0,-0.23621890374887394,1,0,0
82,1,3,0.07692307692307693,0,0,-0.21456413276973182,1,0,0
83,1,3,0.0,0,0,-0.2887317233732936,0,0,2
84,0,1,0.0,0,0,1.4138746448617558,1,0,0
85,1,2,-0.8461538461538461,0,0,-0.1712545908114476,0,0,0
86,1,3,0.38461538461538464,3,0,0.06045145866537313,0,3,0
87,0,3,-0.9230769230769231,1,3,0.8627607234425888,1,4,0
88,0,3,0.0,0,0,-0.277362968609244,1,0,0
89,1,1,-0.38461538461538464,3,2,10.764404753655324,0,5,0
90,0,3,-0.3076923076923077,0,0,-0.277362968609244,1,0,0
91,0,3,0.07692307692307693,0,0,-0.277362968609244,1,0,0
92,0,3,-0.6153846153846154,0,0,-0.2858429769246761,1,0,0
93,0,1,1.3846153846153846,1,0,2.0234564479246067,1,1,0
94,0,3,-0.15384615384615385,1,2,0.2650890444182662,1,3,0
95,0,3,2.3846153846153846,0,0,-0.3120106021758714,1,0,0
96,0,3,0.0,0,0,-0.277362968609244,1,0,0
97,0,1,3.3076923076923075,0,0,0.8748527475573419,1,0,1
98,1,1,-0.38461538461538464,0,1,2.1180141708821285,1,1,1
99,1,2,0.46153846153846156,0,1,0.37011468366710554,0,1,0
100,0,2,0.46153846153846156,1,0,0.5000433095419583,1,1,0
101,0,3,0.0,0,0,-0.2840412999792114,0,0,0
102,0,3,0.0,0,0,-0.2840412999792114,1,0,0
103,0,1,-0.5384615384615384,0,1,2.721281442727461,1,1,0
104,0,3,0.38461538461538464,0,0,-0.25119534335804866,1,0,0
105,0,3,0.6923076923076923,2,0,-0.2827766613540295,1,2,0
106,0,3,0.0,0,0,-0.2840412999792114,1,0,0
107,1,3,-0.5384615384615384,0,0,-0.29468678539255766,0,0,0
108,1,3,0.0,0,0,-0.2892730926477721,1,0,0
109,0,3,0.7692307692307693,0,0,-0.2840412999792114,1,0,0
110,1,3,0.0,1,0,0.41992065691913233,0,1,2
111,0,1,1.4615384615384615,0,0,1.6260914004573488,1,0,0
112,0,3,-1.0384615384615385,1,0,0.0,0,1,1
113,0,3,-0.46153846153846156,0,0,-0.277362968609244,1,0,0
114,0,3,-0.6153846153846154,1,0,-0.20048853163328947,0,1,0
115,0,3,-0.8461538461538461,0,0,0.00017756912202893625,0,0,1
116,0,3,-0.5384615384615384,0,0,-0.2827766613540295,1,0,0
117,0,3,3.269230769230769,0,0,-0.29035583119672925,1,0,2
118,0,2,0.07692307692307693,1,0,0.283495599750537,1,1,0
119,0,1,-0.3076923076923077,0,1,10.094007691774651,1,1,1
120,0,3,-2.0,4,2,0.7285011433719076,0,6,0
121,0,2,-0.5384615384615384,2,0,2.55724655256046,1,2,0
122,0,3,0.0,0,0,-0.277362968609244,1,0,0
123,0,2,0.34615384615384615,1,0,0.6763477929457417,1,1,1
124,1,2,0.34615384615384615,0,0,-0.06298073591573695,0,0,0
125,0,1,2.0,0,1,2.721281442727461,1,1,0
126,1,3,-1.2307692307692308,1,0,-0.13913190354098817,1,1,1
127,0,3,0.0,0,0,-0.29035583119672925,1,0,2
128,1,3,-0.3076923076923077,0,0,-0.31670102556995355,1,0,0
129,1,3,0.0,1,1,0.34232295059247453,0,2,1
130,0,3,1.3076923076923077,0,0,-0.32392072621439955,1,0,0
131,0,3,0.38461538461538464,0,0,-0.2840412999792114,1,0,1
132,0,3,-0.6153846153846154,0,0,-0.32067251056752827,1,0,0
133,0,3,1.4615384615384615,1,0,0.001983577021689412,0,1,0
134,1,2,0.07692307692307693,1,0,0.5000433095419583,0,1,0
135,0,2,-0.23076923076923078,0,0,-0.06298073591573695,1,0,0
136,0,2,-0.38461538461538464,0,0,0.025621925022520947,1,0,1
137,1,1,-0.6923076923076923,0,2,0.5123129027787402,0,2,0
138,0,1,0.6923076923076923,1,0,1.6737318966114614,1,1,0
139,0,3,-0.9230769230769231,0,0,-0.22683372600651378,1,0,0
140,0,1,-0.3076923076923077,0,0,2.8041109417226804,1,0,1
141,0,3,0.0,0,2,0.03428383341417777,0,2,1
142,1,3,-0.46153846153846156,0,0,-0.29035583119672925,0,0,0
143,1,3,-0.3076923076923077,1,0,0.06045145866537313,0,1,0
144,0,3,-0.6923076923076923,0,0,-0.3336653731550135,1,0,2
145,0,2,-0.7692307692307693,0,0,-0.12794504885316332,1,0,0
146,0,2,-0.6923076923076923,1,1,0.9656208855935139,1,2,0
147,1,3,-0.07692307692307693,0,0,-0.28837225417503987,1,0,0
148,0,3,-1.4615384615384615,2,2,0.8627607234425888,0,4,0
149,0,2,0.6538461538461539,0,2,0.5000433095419583,1,2,0
150,0,2,1.0769230769230769,0,0,-0.06298073591573695,1,0,0
151,0,2,1.7692307692307692,0,0,-0.08355276834592196,1,0,0
152,1,1,-0.46153846153846156,1,0,2.2584107130482987,0,1,0
153,0,3,2.1153846153846154,0,0,-0.277362968609244,1,0,0
154,0,3,0.9615384615384616,0,2,0.001983577021689412,1,2,0
155,0,3,0.0,0,0,-0.30930375580347863,1,0,0
156,0,1,1.7692307692307692,0,1,2.0323002563924883,1,1,1
157,1,3,-0.9230769230769231,0,0,-0.29107910054743263,0,0,2
158,0,3,0.15384615384615385,0,0,-0.277362968609244,1,0,0
159,0,3,0.0,0,0,-0.2508358741597949,1,0,0
160,0,3,0.0,8,2,2.3861738618252373,1,10,0
161,0,3,1.2307692307692308,0,1,0.07127884415494427,1,1,0
162,1,2,0.9230769230769231,0,0,0.056120504469544724,0,0,0
163,0,3,-0.15384615384615385,0,0,-0.2892730926477721,1,0,0
164,0,3,-0.8461538461538461,0,0,-0.2508358741597949,1,0,0
165,0,3,-2.076923076923077,4,1,1.092842665095974,1,5,0
166,1,3,-1.4615384615384615,0,2,0.26292356732035194,1,2,0
167,1,1,0.0,0,1,1.7560200263322014,0,1,0
168,0,3,1.3076923076923077,1,4,0.5823314392626983,0,5,0
169,0,1,0.0,0,0,0.49679509389508697,1,0,0
170,0,3,0.0,0,0,1.8208024391934032,1,0,0
171,0,1,2.5384615384615383,0,0,0.8248648742290902,1,0,0
172,0,3,-1.8461538461538463,4,1,0.6353856281615965,1,5,2
173,1,3,-2.076923076923077,1,1,-0.14382665788926616,0,2,0
174,0,3,-0.5384615384615384,0,0,-0.2827766613540295,1,0,0
175,0,1,2.1538461538461537,0,0,0.7034162566696693,1,0,1
176,0,3,-0.7692307692307693,1,1,-0.2858429769246761,1,2,0
177,0,3,0.0,3,1,0.4769463308156052,1,4,0
178,0,1,1.6923076923076923,0,0,0.6175204421038042,0,0,1
179,0,2,0.15384615384615385,0,0,-0.06298073591573695,1,0,0
180,0,3,0.6153846153846154,0,0,-0.6260047813734322,1,0,0
181,0,3,0.0,8,2,2.3861738618252373,0,10,0
182,0,2,0.0,0,0,0.025803825098745778,1,0,1
183,0,3,-1.4615384615384615,4,2,0.7333734668422146,1,6,0
184,1,2,-2.076923076923077,2,1,1.0630673549996534,1,3,0
185,1,3,-1.8461538461538463,0,2,0.3278878802577783,0,2,0
186,0,1,0.0,0,0,1.5394723165407802,1,0,0
187,1,3,0.0,1,0,0.04529311897997366,0,1,2
188,1,1,1.3076923076923077,0,0,0.5238635576190146,1,0,0
189,0,3,0.9230769230769231,1,1,0.04529311897997366,1,2,2
190,0,3,0.6153846153846154,0,0,-0.2840412999792114,1,0,0
191,1,2,0.3076923076923077,0,0,-0.06298073591573695,0,0,0
192,0,2,-0.6923076923076923,0,0,-0.06298073591573695,1,0,0
193,1,3,-0.6923076923076923,1,0,-0.2858429769246761,0,1,0
194,1,2,-1.9230769230769231,1,1,0.5000433095419583,1,2,0
195,1,1,1.2307692307692308,0,0,0.5745703693437738,0,0,1
196,1,1,2.3076923076923075,0,0,5.719743953987942,0,0,1
197,0,3,0.0,0,0,-0.29035583119672925,1,0,2
198,0,3,1.0769230769230769,0,1,-0.26202272884761973,1,1,0
199,1,3,0.0,0,0,-0.29035583119672925,0,0,2
200,0,2,-0.3076923076923077,0,0,-0.06298073591573695,0,0,0
201,0,3,0.0,0,0,-0.21456413276973182,1,0,0
202,0,3,0.0,8,2,2.3861738618252373,1,10,0
203,0,3,0.46153846153846156,0,0,-0.3446746587208094,1,0,0
204,0,3,1.3461538461538463,0,0,-0.31309334072482853,1,0,1
205,1,3,-0.7692307692307693,0,0,-0.277362968609244,1,0,0
206,0,3,-2.0,0,1,-0.17287869863488323,0,1,0
207,0,3,0.3076923076923077,1,0,0.06045145866537313,1,1,0
208,1,3,-0.15384615384615385,0,0,0.18767323816783318,1,0,1
209,1,3,-0.9230769230769231,0,0,-0.29035583119672925,0,0,2
210,1,1,0.9230769230769231,0,0,0.7165910193333795,1,0,1
211,0,3,-0.3076923076923077,0,0,-0.32067251056752827,1,0,0
212,1,2,0.5384615384615384,0,0,0.283495599750537,0,0,0
213,0,3,-0.46153846153846156,0,0,-0.3120106021758714,1,0,0
214,0,2,0.15384615384615385,0,0,-0.06298073591573695,1,0,0
215,0,3,0.0,1,0,-0.29035583119672925,1,1,2
216,1,1,0.23076923076923078,1,0,4.279883583951216,0,1,1
217,1,3,-0.07692307692307693,0,0,-0.2827766613540295,0,0,0
218,0,2,1.0769230769230769,1,0,0.5433528515002425,1,1,0
219,1,1,0.3076923076923077,0,0,2.6781538008454024,0,0,1
220,0,2,0.15384615384615385,0,0,-0.1712545908114476,1,0,0
221,1,3,-0.9230769230769231,0,0,-0.277362968609244,1,0,0
222,0,2,-0.07692307692307693,0,0,-0.06298073591573695,1,0,0
223,0,3,1.7692307692307692,0,0,-0.277362968609244,1,0,0
224,0,3,0.0,0,0,-0.2840412999792114,1,0,0
225,1,1,0.7692307692307693,1,0,3.27185399487215,1,1,0
226,0,3,-0.46153846153846156,0,0,-0.2210605640634745,1,0,0
227,1,2,-0.6923076923076923,0,0,-0.1712545908114476,1,0,0
228,0,3,-0.5769230769230769,0,0,-0.3120106021758714,1,0,0
229,0,2,-0.7692307692307693,0,0,-0.06298073591573695,1,0,0
230,0,3,0.0,3,1,0.4769463308156052,0,4,0
231,1,1,0.5384615384615384,1,0,2.9892592335943453,0,1,0
232,0,3,0.07692307692307693,0,0,-0.2892730926477721,1,0,0
233,0,2,2.3846153846153846,0,0,-0.041325964936594836,1,0,0
234,1,3,-1.7692307692307692,4,2,0.7333734668422146,0,6,0
235,0,2,-0.3076923076923077,0,0,-0.1712545908114476,1,0,0
236,0,3,0.0,0,0,-0.2990177395883861,0,0,0
237,0,2,1.2307692307692308,1,0,0.5000433095419583,1,1,0
238,1,2,-1.5384615384615385,0,2,0.5108706950315294,0,2,0
239,0,2,-0.6923076923076923,0,0,-0.1712545908114476,1,0,0
240,0,2,0.38461538461538464,0,0,-0.09438015383549303,1,0,0
241,0,3,0.0,1,0,0.0,0,1,1
242,1,3,0.0,1,0,0.04529311897997366,0,1,2
243,0,2,0.07692307692307693,0,0,-0.1712545908114476,1,0,0
244,0,3,-0.46153846153846156,0,0,-0.31742429492065694,1,0,0
245,0,3,0.15384615384615385,0,0,-0.31309334072482853,1,0,1
246,0,1,1.2307692307692308,2,0,3.27185399487215,1,2,2
247,0,3,-0.23076923076923078,0,0,-0.2892730926477721,0,0,0
248,1,2,-0.3076923076923077,0,2,0.001983577021689412,0,2,0
249,1,1,0.6923076923076923,1,1,1.6500935486106298,1,2,0
250,0,2,2.0,1,0,0.5000433095419583,1,1,0
251,0,3,0.0,0,0,-0.3120106021758714,1,0,0
252,0,3,0.07692307692307693,1,1,-0.17287869863488323,0,2,0
253,0,1,2.6153846153846154,0,0,0.5238635576190146,1,0,0
254,0,3,0.15384615384615385,1,0,0.07127884415494427,1,1,0
255,0,3,1.0,0,2,0.24938933545838812,0,2,0
256,1,3,0.07692307692307693,0,2,0.03428383341417777,0,2,1
257,1,1,0.0,0,0,2.8041109417226804,0,0,1
258,1,1,0.15384615384615385,0,0,3.120270598018155,0,0,0
259,1,1,0.5384615384615384,0,0,21.56273820248077,0,0,1
260,1,2,1.6923076923076923,0,1,0.5000433095419583,0,1,0
261,0,3,0.0,0,0,-0.29035583119672925,1,0,2
262,1,3,-1.9230769230769231,4,2,0.7333734668422146,1,6,0
263,0,1,1.8461538461538463,1,1,2.8236002356039083,1,2,0
264,0,1,0.9230769230769231,0,0,-0.6260047813734322,1,0,0
265,0,3,0.0,0,0,-0.29035583119672925,0,0,2
266,0,2,0.6153846153846154,0,0,-0.1712545908114476,1,0,0
267,0,3,-0.9230769230769231,4,1,1.092842665095974,1,5,0
268,1,3,-0.23076923076923078,1,0,-0.2892730926477721,1,1,0
269,1,1,2.3076923076923075,0,1,6.020385801399765,0,1,0
270,1,1,0.5384615384615384,0,0,5.248211315917122,0,0,0
271,0,1,0.0,0,0,0.7165910193333795,1,0,0
272,1,3,-0.23076923076923078,0,0,-0.6260047813734322,1,0,0
273,1,2,1.0,0,1,0.21853128681311065,0,1,0
274,0,1,0.6923076923076923,0,1,0.6602886147876099,1,1,1
275,1,3,0.0,0,0,-0.29035583119672925,0,0,2
276,1,1,2.6923076923076925,1,0,2.7503334834730784,0,1,0
277,0,3,1.3076923076923077,0,0,-0.29035583119672925,0,0,0
278,0,2,0.0,0,0,-0.6260047813734322,1,0,0
279,0,3,-1.6153846153846154,4,1,0.6353856281615965,1,5,2
280,1,3,0.5384615384615384,1,1,0.25101344328182384,0,2,0
281,0,3,2.8461538461538463,0,0,-0.29035583119672925,1,0,2
282,0,3,0.0,0,0,-0.2858429769246761,1,0,0
283,0,3,-0.9230769230769231,0,0,-0.21456413276973182,1,0,0
284,1,3,-0.6923076923076923,0,0,-0.277362968609244,1,0,0
285,0,1,0.0,0,0,0.5000433095419583,1,0,0
286,0,3,0.38461538461538464,0,0,-0.2508358741597949,1,0,1
287,1,3,0.15384615384615385,0,0,-0.21456413276973182,1,0,0
288,0,3,-0.46153846153846156,0,0,-0.2840412999792114,1,0,0
289,1,2,1.0769230769230769,0,0,-0.06298073591573695,1,0,0
290,1,3,-0.46153846153846156,0,0,-0.29035583119672925,0,0,2
291,1,1,-0.15384615384615385,0,0,2.7889526020372806,0,0,0
292,1,1,-0.6923076923076923,1,0,3.3185936525535307,0,1,1
293,0,2,0.6153846153846154,0,0,-0.06839442866052249,1,0,1
294,0,3,-0.3076923076923077,0,0,-0.2427153350426166,0,0,0
295,0,3,-0.3076923076923077,0,0,-0.2840412999792114,1,0,0
296,0,1,0.0,0,0,0.5745703693437738,1,0,1
297,0,3,-0.34615384615384615,0,0,-0.3129114406486037,1,0,1
298,0,1,-2.0,1,2,5.937556302404546,0,3,0
299,1,1,0.0,0,0,0.6949362483542374,1,0,0
300,1,1,1.6923076923076923,0,1,10.094007691774651,0,1,1
301,1,3,0.0,0,0,-0.29035583119672925,0,0,2
302,1,3,0.0,2,0,0.38094206915667655,1,2,2
303,0,3,-0.6923076923076923,0,0,-0.6260047813734322,1,0,0
304,1,2,0.0,0,0,-0.09113193818862174,0,0,2
305,0,3,0.0,0,0,-0.277362968609244,1,0,0
306,1,1,-2.083076923076923,1,2,5.937556302404546,1,3,0
307,1,1,0.0,0,0,4.1763001524495875,0,0,1
308,1,1,-0.8461538461538461,1,0,4.090404337883722,0,1,1
309,0,2,0.15384615384615385,1,0,0.4134242256253898,1,1,1
310,1,1,0.15384615384615385,0,0,1.8395727946781235,0,0,1
311,1,1,-0.3076923076923077,0,0,2.9755431016561564,0,0,1
312,1,1,-0.7692307692307693,2,2,10.737336289931397,0,4,1
313,0,2,-0.15384615384615385,1,1,0.5000433095419583,0,2,0
314,0,3,0.0,0,0,-0.2840412999792114,1,0,0
315,0,2,1.1538461538461537,1,1,0.5108706950315294,1,2,0
316,1,3,-0.15384615384615385,0,0,-0.2858429769246761,0,0,0
317,1,2,-0.3076923076923077,1,0,0.5000433095419583,0,1,0
318,0,2,2.0,0,0,-0.01967119395745271,1,0,0
319,1,1,0.23076923076923078,0,2,6.51429647980043,0,2,0
320,1,1,0.9230769230769231,1,1,5.199128612015799,0,2,1
321,0,3,-0.46153846153846156,0,0,-0.3120106021758714,1,0,0
322,0,3,-0.07692307692307693,0,0,-0.2840412999792114,1,0,0
323,1,2,0.15384615384615385,0,0,-0.09113193818862174,0,0,2
324,1,2,-0.46153846153846156,1,1,0.629971935416811,0,2,0
325,0,3,0.0,8,2,2.3861738618252373,1,10,0
326,1,1,0.6153846153846154,0,0,5.248211315917122,0,0,1
327,0,3,2.5384615384615383,0,0,-0.35586151340863414,1,0,0
328,1,2,0.6153846153846154,0,0,-0.06298073591573695,0,0,0
329,1,3,0.23076923076923078,1,1,0.26292356732035194,0,2,0
330,1,1,-0.9230769230769231,0,1,1.8850478137343218,0,1,1
331,1,3,0.0,2,0,0.38094206915667655,0,2,2
332,0,1,1.3461538461538463,0,0,0.6083171644376689,1,0,0
333,0,1,0.7692307692307693,0,1,6.020385801399765,1,1,0
334,0,3,-0.9230769230769231,2,0,0.15356697387568427,1,2,0
335,1,1,0.0,1,0,5.162315501351258,0,1,0
336,0,3,0.0,0,0,-0.2840412999792114,1,0,0
337,0,1,0.07692307692307693,1,0,2.2584107130482987,1,1,0
338,1,1,1.0,0,0,5.199128612015799,0,0,1
339,1,3,1.3076923076923077,0,0,-0.277362968609244,1,0,0
340,0,1,1.3076923076923077,0,0,0.9114839581456586,1,0,0
341,1,2,-2.0,1,1,0.5000433095419583,1,2,0
342,1,1,-0.3076923076923077,3,2,10.764404753655324,0,5,0
343,0,2,0.0,0,0,-0.06298073591573695,1,0,0
344,0,2,-0.23076923076923078,0,0,-0.06298073591573695,1,0,0
345,0,2,0.6153846153846154,0,0,-0.06298073591573695,1,0,0
346,1,2,-0.3076923076923077,0,0,-0.06298073591573695,0,0,0
347,1,2,0.9230769230769231,0,0,-0.06298073591573695,0,0,0
348,1,3,0.0,1,0,0.07127884415494427,0,1,0
349,1,3,-1.9230769230769231,1,1,0.06261693576328738,1,2,0
350,0,3,1.0769230769230769,0,0,-0.2508358741597949,1,0,0
351,0,3,-0.38461538461538464,0,0,-0.22647425680826,1,0,0
352,0,1,0.0,0,0,0.8898291871665165,1,0,0
353,0,3,-1.0,1,1,-0.3129114406486037,1,2,1
354,0,3,-0.23076923076923078,1,0,0.14490506548402746,1,1,0
355,0,3,0.0,0,0,-0.31309334072482853,1,0,1
356,0,3,0.0,0,0,-0.21456413276973182,1,0,0
357,1,1,-0.46153846153846156,0,1,1.7560200263322014,0,1,0
358,0,2,0.7692307692307693,0,0,-0.06298073591573695,0,0,0
359,1,3,0.0,0,0,-0.28476023837571895,0,0,2
360,1,3,0.0,0,0,-0.28476023837571895,0,0,2
361,0,3,0.9230769230769231,1,4,0.5823314392626983,1,5,0
362,0,2,0.07692307692307693,1,0,0.5745703693437738,1,1,1
363,0,3,1.3076923076923077,0,1,0.0,0,1,1
364,0,3,0.5384615384615384,0,0,-0.32067251056752827,1,0,0
365,0,3,0.0,1,0,0.04529311897997366,1,1,2
366,0,3,0.15384615384615385,0,0,-0.3120106021758714,1,0,0
367,1,1,2.4615384615384617,1,0,2.6330382509874575,0,1,1
368,1,3,0.0,0,0,-0.3129114406486037,0,0,1
369,1,3,0.0,0,0,-0.29035583119672925,0,0,2
370,1,1,-0.3076923076923077,0,0,2.375346476335666,0,0,1
371,1,1,-0.23076923076923078,1,0,1.7751498510151755,1,1,1
372,0,3,-0.7692307692307693,1,0,-0.3446746587208094,1,1,0
373,0,3,-0.6923076923076923,0,0,-0.277362968609244,1,0,0
374,0,1,-0.46153846153846156,0,0,5.248211315917122,1,0,1
375,0,3,-1.9230769230769231,3,1,0.2867438153974083,0,4,0
376,1,1,0.0,1,0,2.9327749289723513,0,1,1
377,1,3,-0.46153846153846156,0,0,-0.3120106021758714,0,0,0
378,0,1,-0.07692307692307693,0,2,8.533963342803686,1,2,1
379,0,3,-0.6153846153846154,0,0,-0.4522252442658167,1,0,1
380,0,3,-0.6923076923076923,0,0,-0.2892730926477721,1,0,0
381,1,1,1.0769230769230769,0,0,9.227998752685192,0,0,1
382,1,3,-2.076923076923077,0,2,0.055761035271290955,0,2,1
383,0,3,0.3076923076923077,0,0,-0.2827766613540295,1,0,0
384,1,1,0.5384615384615384,1,0,1.6260914004573488,0,1,0
385,0,3,0.0,0,0,-0.2840412999792114,1,0,0
386,0,2,-0.7692307692307693,0,0,2.55724655256046,1,0,0
387,0,3,-2.076923076923077,5,2,1.405212736470099,1,7,0
388,1,2,0.6153846153846154,0,0,-0.06298073591573695,0,0,0
389,0,3,0.0,0,0,-0.29125666966946157,1,0,2
390,1,2,-0.8461538461538461,0,0,-0.1062902778740212,0,0,1
391,1,1,0.6153846153846154,1,2,4.571140253620677,1,3,0
392,1,3,-0.5384615384615384,0,0,-0.28837225417503987,1,0,0
393,0,3,0.0,2,0,-0.2827766613540295,1,2,0
394,1,1,-0.38461538461538464,1,0,4.279883583951216,0,1,1
395,1,3,-0.3076923076923077,0,2,0.09726456932991473,0,2,0
396,0,3,-0.46153846153846156,0,0,-0.28837225417503987,1,0,0
397,0,3,0.23076923076923078,0,0,-0.2858429769246761,0,0,0
398,0,2,1.3846153846153846,0,0,0.5000433095419583,1,0,0
399,0,2,-0.38461538461538464,0,0,-0.1712545908114476,1,0,0
400,1,2,0.0,0,0,-0.07813907560113643,0,0,0
401,1,3,0.8461538461538461,0,0,-0.2827766613540295,1,0,0
402,0,3,-0.15384615384615385,0,0,-0.277362968609244,1,0,0
403,0,3,-0.5384615384615384,1,0,-0.20048853163328947,0,1,0
404,0,3,0.0,1,0,0.06045145866537313,1,1,0
405,0,3,-0.6153846153846154,0,0,-0.2508358741597949,0,0,0
406,0,2,0.46153846153846156,1,0,0.283495599750537,1,1,0
407,0,3,1.7692307692307692,0,0,-0.29035583119672925,1,0,0
408,1,2,-1.9230769230769231,1,1,0.18604913034439746,1,2,0
409,0,3,-0.5384615384615384,0,0,-0.2892730926477721,1,0,0
410,0,3,0.0,3,1,0.4769463308156052,0,4,0
411,0,3,0.0,0,0,-0.2840412999792114,1,0,0
412,0,3,0.0,0,0,-0.32897494976093133,1,0,2
413,1,1,0.38461538461538464,1,0,3.27185399487215,0,1,2
414,0,2,0.0,0,0,-0.6260047813734322,1,0,0
415,1,3,1.2307692307692308,0,0,-0.2827766613540295,1,0,0
416,0,3,0.0,0,0,-0.277362968609244,0,0,0
417,1,2,0.46153846153846156,1,1,0.7815553322708059,0,2,0
418,1,2,-0.7692307692307693,0,2,-0.06298073591573695,0,2,0
419,0,2,0.15384615384615385,0,0,-0.06298073591573695,1,0,0
420,0,3,-1.3846153846153846,0,2,0.41992065691913233,0,2,0
421,0,3,0.0,0,0,-0.2840412999792114,1,0,1
422,0,3,-0.5384615384615384,0,0,-0.29107910054743263,1,0,2
423,0,3,0.07692307692307693,0,0,-0.2849421384519437,1,0,0
424,0,3,0.0,1,1,-0.002347377174138998,0,2,0
425,0,3,-0.7692307692307693,1,1,0.24938933545838812,1,2,0
426,0,3,0.0,0,0,-0.3120106021758714,1,0,0
427,1,2,0.0,1,0,0.5000433095419583,0,1,0
428,1,2,-0.6923076923076923,0,0,0.5000433095419583,0,0,0
429,0,3,0.0,0,0,-0.29035583119672925,1,0,2
430,1,3,0.3076923076923077,0,0,-0.277362968609244,1,0,0
431,1,1,0.0,0,0,0.5238635576190146,1,0,0
432,1,3,0.0,1,0,0.07127884415494427,0,1,0
433,1,2,1.0769230769230769,1,0,0.5000433095419583,0,1,0
434,0,3,-0.8461538461538461,0,0,-0.31742429492065694,1,0,0
435,0,1,1.6923076923076923,1,0,1.7949986140946572,1,1,0
436,1,1,-1.0769230769230769,1,2,4.571140253620677,0,3,0
437,0,3,-0.5384615384615384,2,2,0.8627607234425888,0,4,0
438,1,2,-0.3076923076923077,2,3,0.18604913034439746,0,5,0
439,0,1,2.769230769230769,1,4,10.764404753655324,1,5,0
440,0,2,0.23076923076923078,0,0,-0.1712545908114476,1,0,0
441,1,2,1.3076923076923077,1,1,0.5108706950315294,0,2,0
442,0,3,-0.6153846153846154,0,0,-0.21456413276973182,1,0,0
443,0,3,-0.23076923076923078,1,0,-0.2892730926477721,1,1,0
444,1,2,0.0,0,0,-0.06298073591573695,0,0,0
445,1,3,0.0,0,0,-0.2746561222368512,1,0,0
446,1,1,-1.8461538461538463,0,2,2.919240697110387,1,2,0
447,1,2,-1.1538461538461537,0,1,0.21853128681311065,0,1,0
448,1,1,0.46153846153846156,0,0,0.5238635576190146,1,0,0
449,1,3,-1.7692307692307692,2,1,0.20806337052179327,0,3,1
450,1,1,1.8461538461538463,0,0,0.6949362483542374,1,0,0
451,0,2,0.6153846153846154,1,2,0.5758350079689557,1,3,0
452,0,3,0.0,1,0,0.2387438500450419,1,1,0
453,0,1,0.15384615384615385,0,0,0.5758350079689557,1,0,1
454,1,1,1.6153846153846154,1,0,3.2330573071859194,1,1,1
455,0,3,0.0,0,0,-0.277362968609244,1,0,0
456,1,3,0.07692307692307693,0,0,-0.2840412999792114,1,0,1
457,0,1,2.8461538461538463,0,0,0.5238635576190146,1,0,0
458,1,1,0.0,1,0,1.6201363384380845,0,1,0
459,1,2,1.6923076923076923,0,0,-0.1712545908114476,0,0,0
460,0,3,0.0,0,0,-0.29035583119672925,1,0,2
461,1,1,1.5384615384615385,0,0,0.5238635576190146,1,0,0
462,0,3,0.46153846153846156,0,0,-0.277362968609244,1,0,0
463,0,1,1.4615384615384615,0,0,1.0414125840205113,1,0,0
464,0,2,1.5384615384615385,0,0,-0.06298073591573695,1,0,0
465,0,3,0.0,0,0,-0.277362968609244,1,0,0
466,0,3,0.7692307692307693,0,0,-0.32067251056752827,1,0,0
467,0,2,0.0,0,0,-0.6260047813734322,1,0,0
468,0,1,2.1538461538461537,0,0,0.5238635576190146,1,0,0
469,0,3,0.0,0,0,-0.2914385697456864,1,0,2
470,1,3,-2.0961538461538463,2,1,0.20806337052179327,0,3,1
471,0,3,0.0,0,0,-0.3120106021758714,1,0,0
472,0,3,0.7692307692307693,0,0,-0.2508358741597949,1,0,0
473,1,2,0.38461538461538464,1,2,0.5758350079689557,0,3,0
474,1,2,-0.38461538461538464,0,0,-0.028692571547363297,0,0,1
475,0,3,-0.46153846153846156,0,0,-0.19994716235881088,0,0,0
476,0,1,0.0,0,0,1.6260914004573488,1,0,0
477,0,2,0.46153846153846156,1,0,0.283495599750537,1,1,0
478,0,3,0.07692307692307693,1,0,-0.32085441064375303,1,1,0
479,0,3,-0.46153846153846156,0,0,-0.300282378213568,1,0,0
480,1,3,-2.0,0,1,-0.09383878456101451,0,1,0
481,0,3,-1.4615384615384615,5,2,1.405212736470099,1,7,0
482,0,2,0.0,0,0,-0.6260047813734322,1,0,0
483,0,3,1.6923076923076923,0,0,-0.277362968609244,1,0,0
484,1,3,2.6923076923076925,0,0,-0.21077454784838193,0,0,0
485,1,1,-0.23076923076923078,1,0,3.3185936525535307,1,1,1
486,0,3,0.0,3,1,0.4769463308156052,0,4,0
487,1,1,0.5384615384615384,1,0,3.27185399487215,0,1,0
488,0,1,2.3076923076923075,0,0,0.6602886147876099,1,0,1
489,0,3,0.15384615384615385,0,0,-0.277362968609244,1,0,0
490,1,3,-1.4615384615384615,1,1,0.06261693576328738,1,2,0
491,0,3,0.0,1,0,0.2387438500450419,1,1,0
492,0,3,-0.5384615384615384,0,0,-0.3120106021758714,1,0,0
493,0,1,2.076923076923077,0,0,0.6949362483542374,1,0,0
494,0,1,3.3076923076923075,0,0,1.5179994456378627,1,0,1
495,0,3,-0.5384615384615384,0,0,-0.277362968609244,1,0,0
496,0,3,0.0,0,0,0.00017756912202893625,1,0,1
497,1,1,2.0,1,0,2.7636901462130137,0,1,1
498,0,3,0.0,0,0,0.027969302196659943,1,0,0
499,0,1,-0.23076923076923078,1,2,5.937556302404546,0,3,0
500,0,3,-0.3076923076923077,0,0,-0.28837225417503987,1,0,0
501,0,3,-0.8461538461538461,0,0,-0.2508358741597949,1,0,0
502,0,3,-0.5384615384615384,0,0,-0.29035583119672925,0,0,2
503,0,3,0.0,0,0,-0.29558762386529,0,0,2
504,0,3,0.6923076923076923,0,0,-0.21077454784838193,0,0,0
505,1,1,-0.9230769230769231,0,0,3.120270598018155,0,0,0
506,0,1,-0.7692307692307693,1,0,4.090404337883722,1,1,1
507,1,2,0.38461538461538464,0,2,0.5000433095419583,0,2,0
508,1,1,0.0,0,0,0.5238635576190146,1,0,0
509,0,3,0.0,0,0,0.34954265123692047,1,0,0
510,1,3,-0.15384615384615385,0,0,1.8208024391934032,1,0,0
511,1,3,0.07692307692307693,0,0,-0.29035583119672925,1,0,2
512,0,3,0.0,0,0,-0.277362968609244,1,0,0
513,1,1,0.6153846153846154,0,0,0.5124948028549651,1,0,0
514,1,1,2.0,1,0,1.946582010948652,0,1,1
515,0,3,-0.3076923076923077,0,0,-0.30136511676252514,1,0,0
516,0,1,1.4615384615384615,0,0,0.8474204836809646,1,0,0
517,1,2,0.46153846153846156,0,0,-0.1712545908114476,0,0,0
518,0,3,0.0,0,0,0.41992065691913233,1,0,2
519,1,2,0.6153846153846154,1,0,0.5000433095419583,0,1,0
520,0,3,0.3076923076923077,0,0,-0.2840412999792114,1,0,0
521,1,1,0.15384615384615385,0,0,3.423437391726145,0,0,0
522,0,3,-0.46153846153846156,0,0,-0.2840412999792114,1,0,0
523,0,3,0.0,0,0,-0.31309334072482853,1,0,1
524,1,1,1.2307692307692308,0,1,1.8850478137343218,0,1,1
525,0,3,0.0,0,0,-0.3129114406486037,1,0,1
526,0,3,0.9615384615384616,0,0,-0.29035583119672925,1,0,2
527,1,2,1.6923076923076923,0,0,-0.1712545908114476,0,0,0
528,0,1,0.0,0,0,8.97915078650128,1,0,0
529,0,3,0.8461538461538461,0,0,-0.2827766613540295,1,0,0
530,0,2,-0.38461538461538464,2,1,-0.12794504885316332,1,3,0
531,1,2,-2.0,1,1,0.5000433095419583,0,2,0
532,0,3,0.0,0,0,-0.3129114406486037,1,0,1
533,0,3,-0.8461538461538461,1,1,-0.3129114406486037,1,2,1
534,1,3,0.0,0,2,0.34232295059247453,0,2,1
535,0,3,0.15384615384615385,0,0,-0.2508358741597949,0,0,0
536,1,2,-1.6153846153846154,0,2,0.5108706950315294,0,2,0
537,0,1,1.3076923076923077,0,0,0.5238635576190146,1,0,0
538,1,1,0.15384615384615385,0,0,3.983213221536969,0,0,1
539,0,3,0.0,0,0,0.001983577021689412,1,0,0
540,1,1,-0.46153846153846156,0,2,1.517817545561638,0,2,1
541,1,1,0.6153846153846154,0,2,2.4489726976647495,0,2,0
542,0,3,-1.4615384615384615,4,2,0.7285011433719076,0,6,0
543,0,3,-1.3076923076923077,4,2,0.7285011433719076,0,6,0
544,1,2,0.3076923076923077,1,0,0.5000433095419583,1,1,0
545,0,1,1.6923076923076923,1,0,3.983213221536969,1,1,1
546,0,1,2.769230769230769,0,0,0.5000433095419583,1,0,0
547,1,2,-0.6923076923076923,1,0,0.5000433095419583,0,1,0
548,1,2,0.0,0,0,-0.025626255976716767,1,0,1
549,0,3,0.38461538461538464,1,1,0.26292356732035194,1,2,0
550,1,2,-1.5384615384615385,1,1,0.9656208855935139,1,2,0
551,1,1,-0.8461538461538461,0,2,4.1763001524495875,1,2,1
552,0,2,-0.07692307692307693,0,0,0.5000433095419583,1,0,0
553,0,3,0.0,0,0,-0.28692571547363316,1,0,2
554,1,3,-0.46153846153846156,0,0,-0.31309334072482853,1,0,1
555,1,3,-0.46153846153846156,0,0,-0.2892730926477721,0,0,0
556,0,1,2.6153846153846154,0,0,0.5238635576190146,1,0,0
557,1,1,1.5384615384615385,1,0,1.089053080174624,0,1,1
558,0,1,0.0,0,0,9.227998752685192,1,0,1
559,1,1,0.8461538461538461,1,1,2.8236002356039083,0,2,0
560,1,3,0.6153846153846154,1,0,0.12758124870071366,0,1,0
561,0,3,0.0,0,0,-0.29035583119672925,1,0,2
562,0,3,0.9230769230769231,0,0,-0.2840412999792114,1,0,0
563,0,2,0.0,0,0,-0.041325964936594836,1,0,0
564,0,3,0.0,0,0,-0.277362968609244,1,0,0
565,0,3,0.0,0,0,-0.277362968609244,0,0,0
566,0,3,-0.3076923076923077,2,0,0.41992065691913233,1,2,0
567,0,3,-0.6923076923076923,0,0,-0.2840412999792114,1,0,0
568,0,3,0.07692307692307693,0,4,0.2867438153974083,0,4,0
569,0,3,0.0,0,0,-0.3129114406486037,1,0,1
570,1,3,0.3076923076923077,0,0,-0.2858429769246761,1,0,0
571,1,2,2.6153846153846154,0,0,-0.1712545908114476,1,0,0
572,1,1,1.9230769230769231,2,0,1.6035357910054742,0,2,0
573,1,1,0.6153846153846154,0,0,0.5168257570507934,1,0,0
574,1,3,0.0,0,0,-0.29035583119672925,0,0,2
575,0,3,-0.9230769230769231,0,0,-0.277362968609244,1,0,0
576,0,3,-0.6923076923076923,0,0,0.001983577021689412,1,0,0
577,1,2,0.46153846153846156,0,0,-0.06298073591573695,0,0,0
578,1,1,0.8461538461538461,1,0,1.7949986140946572,0,1,0
579,0,3,0.0,1,0,0.00017756912202893625,0,1,1
580,1,3,0.3076923076923077,0,0,-0.2827766613540295,1,0,0
581,1,2,-0.23076923076923078,1,1,0.6732814773750952,0,2,0
582,1,1,0.8461538461538461,1,1,4.1763001524495875,0,2,1
583,0,2,2.0,0,0,0.5000433095419583,1,0,0
584,0,1,0.6153846153846154,0,0,1.1117905897027232,1,0,1
585,0,3,0.0,0,0,-0.24867039706188065,1,0,1
586,1,1,-0.7692307692307693,0,2,2.8236002356039083,0,2,0
587,0,2,1.4615384615384615,0,0,0.023638348000831536,1,0,0
588,1,1,2.4615384615384617,1,1,2.8041109417226804,1,2,1
589,0,3,-0.46153846153846156,0,0,-0.277362968609244,1,0,0
590,0,3,0.0,0,0,-0.277362968609244,1,0,0
591,0,3,0.5384615384615384,0,0,-0.31742429492065694,1,0,0
592,1,1,1.8461538461538463,1,0,2.7636901462130137,0,1,1
593,0,3,1.4615384615384615,0,0,-0.3120106021758714,1,0,0
594,0,3,0.0,0,2,-0.29035583119672925,0,2,2
595,0,2,0.6923076923076923,1,0,0.5000433095419583,1,1,0
596,0,3,0.6153846153846154,1,1,0.41992065691913233,1,2,0
597,1,2,0.0,0,0,0.803210103249948,0,0,0
598,0,3,1.6153846153846154,0,0,-0.6260047813734322,1,0,0
599,0,3,0.0,0,0,-0.31309334072482853,1,0,1
600,1,1,1.6153846153846154,1,0,1.8395727946781235,1,1,1
601,1,2,-0.3076923076923077,2,1,0.5433528515002425,0,3,0
602,0,3,0.0,0,0,-0.2840412999792114,1,0,0
603,0,1,0.0,0,0,1.21031979765782,1,0,0
604,0,3,1.2307692307692308,0,0,-0.277362968609244,1,0,0
605,1,1,0.5384615384615384,0,0,0.5238635576190146,1,0,1
606,0,3,0.6153846153846154,1,0,0.0474585960778879,1,1,0
607,0,3,0.15384615384615385,0,0,-0.2840412999792114,1,0,0
608,1,1,-0.07692307692307693,0,0,0.6949362483542374,1,0,0
609,1,2,-0.46153846153846156,1,2,1.1747713256184602,0,3,1
610,1,1,0.9230769230769231,0,0,6.020385801399765,0,0,0
611,0,3,0.8461538461538461,1,5,0.7285011433719076,0,6,0
612,0,3,0.0,0,0,-0.32067251056752827,1,0,0
613,1,3,0.0,1,0,0.04529311897997366,0,1,2
614,0,3,0.0,0,0,-0.29035583119672925,1,0,2
615,0,3,0.5384615384615384,0,0,-0.277362968609244,1,0,0
616,1,2,-0.3076923076923077,1,2,2.1891154459150437,0,3,0
617,0,3,0.46153846153846156,1,1,-0.002347377174138998,1,2,0
618,0,3,-0.15384615384615385,1,0,0.07127884415494427,0,1,0
619,1,2,-1.8461538461538463,2,1,1.0630673549996534,0,3,0
620,0,2,-0.15384615384615385,0,0,-0.1712545908114476,1,0,0
621,0,3,-0.07692307692307693,1,0,0.0,1,1,1
622,1,1,1.0769230769230769,1,0,1.6500935486106298,1,1,0
623,1,3,-0.6153846153846154,1,1,0.055761035271290955,1,2,1
624,0,3,-0.5384615384615384,0,0,-0.2858429769246761,1,0,0
625,0,3,-0.5384615384615384,0,0,0.07127884415494427,1,0,0
626,0,1,2.5384615384615383,0,0,0.7737942623518813,1,0,0
627,0,2,2.230769230769231,0,0,-0.09113193818862174,1,0,2
628,1,1,-0.5384615384615384,0,0,2.7503334834730784,0,0,0
629,0,3,-0.15384615384615385,0,0,-0.2840412999792114,1,0,0
630,0,3,0.0,0,0,-0.29107910054743263,1,0,2
631,1,1,4.0,0,0,0.6732814773750952,1,0,0
632,0,3,1.7692307692307692,0,0,-0.32049061049130345,1,0,0
633,1,1,0.3076923076923077,0,0,0.6949362483542374,1,0,1
634,0,1,0.0,0,0,-0.6260047813734322,1,0,0
635,0,3,-1.4615384615384615,3,2,0.5823314392626983,0,5,0
636,1,2,0.0,0,0,-0.06298073591573695,0,0,0
637,0,3,0.3076923076923077,0,0,-0.2827766613540295,1,0,0
638,0,2,0.23076923076923078,1,1,0.5108706950315294,1,2,0
639,0,3,1.0,0,5,1.092842665095974,0,5,0
640,0,3,0.0,1,0,0.07127884415494427,1,1,0
641,0,3,-0.6153846153846154,0,0,-0.2858429769246761,1,0,0
642,1,1,-0.3076923076923077,0,0,2.375346476335666,0,0,1
643,0,3,-2.0,3,2,0.5823314392626983,0,5,0
644,1,3,0.0,0,0,1.8208024391934032,1,0,0
645,1,3,-2.0961538461538463,2,1,0.20806337052179327,0,3,1
646,1,1,1.5384615384615385,1,0,2.6971017254521517,1,1,1
647,0,3,-0.6923076923076923,0,0,-0.2840412999792114,1,0,0
648,1,1,2.1538461538461537,0,0,0.9114839581456586,1,0,1
649,0,3,0.0,0,0,-0.2990177395883861,1,0,0
650,1,3,-0.38461538461538464,0,0,-0.2990177395883861,0,0,0
651,0,3,0.0,0,0,-0.2840412999792114,1,0,0
652,1,2,-0.7692307692307693,0,1,0.37011468366710554,0,1,0
653,0,3,-0.5384615384615384,0,0,-0.2607624211766337,1,0,0
654,1,3,0.0,0,0,-0.28692571547363316,0,0,2
655,0,3,-0.7692307692307693,0,0,-0.3336653731550135,0,0,2
656,0,2,-0.3076923076923077,2,0,2.55724655256046,1,2,0
657,0,3,0.0,0,0,-0.2840412999792114,1,0,0
658,0,3,0.3076923076923077,1,1,0.04529311897997366,0,2,2
659,0,2,-0.38461538461538464,0,0,-0.06298073591573695,1,0,0
660,0,1,2.3076923076923075,0,2,4.279883583951216,1,2,1
661,1,1,1.6923076923076923,2,0,5.162315501351258,1,2,0
662,0,3,0.9230769230769231,0,0,-0.31309334072482853,1,0,1
663,0,1,1.4615384615384615,0,0,0.48217812348416594,1,0,0
664,0,3,0.6153846153846154,0,0,-0.30136511676252514,1,0,0
665,1,3,-0.6153846153846154,1,0,-0.2827766613540295,1,1,0
666,0,2,0.3076923076923077,2,0,2.55724655256046,1,2,0
667,0,2,-0.23076923076923078,0,0,-0.06298073591573695,1,0,0
668,0,3,0.0,0,0,-0.2892730926477721,1,0,0
669,0,3,1.1538461538461537,0,0,-0.277362968609244,1,0,0
670,1,1,0.0,1,0,1.6260914004573488,0,1,0
671,1,2,0.9230769230769231,1,1,1.0630673549996534,0,2,0
672,0,1,0.23076923076923078,1,0,1.6260914004573488,1,1,0
673,0,2,3.230769230769231,0,0,-0.1712545908114476,1,0,0
674,1,2,0.23076923076923078,0,0,-0.06298073591573695,1,0,0
675,0,2,0.0,0,0,-0.6260047813734322,1,0,0
676,0,3,-0.7692307692307693,0,0,-0.2892730926477721,1,0,0
677,0,3,-0.2692307692307692,0,0,-0.277362968609244,1,0,0
678,1,3,-0.7692307692307693,0,0,-0.19976526228258612,0,0,0
679,0,3,1.1538461538461537,1,6,1.405212736470099,0,7,0
680,1,1,0.6153846153846154,0,1,21.56273820248077,1,1,1
681,0,3,0.0,0,0,-0.27357338368789413,0,0,2
682,1,1,-0.07692307692307693,0,0,2.6971017254521517,1,0,1
683,0,3,-0.6153846153846154,0,0,-0.22647425680826,1,0,0
684,0,3,-1.0769230769230769,5,2,1.405212736470099,1,7,0
685,0,2,2.4615384615384617,1,1,1.0630673549996534,1,2,0
686,0,2,-0.23076923076923078,1,2,1.1747713256184602,1,3,1
687,0,3,-1.0769230769230769,4,1,1.092842665095974,1,5,0
688,0,3,-0.6923076923076923,0,0,-0.18551209202411476,1,0,0
689,0,3,-0.7692307692307693,0,0,-0.28837225417503987,1,0,0
690,1,1,-1.0,0,1,8.526925542235466,0,1,0
691,1,1,0.23076923076923078,1,0,1.84263911024877,1,1,0
692,1,3,-1.8461538461538463,0,1,-0.04493364978171989,0,1,1
693,1,3,0.0,0,0,1.8208024391934032,1,0,0
694,0,3,-0.23076923076923078,0,0,-0.31309334072482853,1,0,1
695,0,1,2.4615384615384617,0,0,0.5238635576190146,1,0,0
696,0,2,1.8461538461538463,0,0,-0.041325964936594836,1,0,0
697,0,3,1.2307692307692308,0,0,-0.277362968609244,1,0,0
698,1,3,0.0,0,0,-0.29107910054743263,0,0,2
699,0,1,1.6153846153846154,1,1,4.1763001524495875,1,2,1
700,0,3,1.0769230769230769,0,0,-0.29468678539255766,1,0,0
701,1,1,-0.7692307692307693,1,0,9.227998752685192,0,1,1
702,1,1,0.5384615384615384,0,0,0.5124948028549651,1,0,0
703,0,3,-0.7692307692307693,0,1,0.0,0,1,1
704,0,3,-0.23076923076923078,0,0,-0.290715300394983,1,0,2
705,0,3,-0.15384615384615385,1,0,-0.2858429769246761,1,1,0
706,0,2,0.8461538461538461,0,0,0.5000433095419583,1,0,0
707,1,2,1.3076923076923077,0,0,-0.041325964936594836,0,0,0
708,1,1,1.0769230769230769,0,0,0.5124948028549651,1,0,0
709,1,1,-0.46153846153846156,0,0,5.937556302404546,0,0,0
710,1,3,0.0,1,1,0.03428383341417777,1,2,1
711,1,1,-0.3076923076923077,0,0,1.5179994456378627,0,0,1
712,0,1,0.0,0,0,0.5238635576190146,1,0,0
713,1,1,1.5384615384615385,1,0,1.6260914004573488,1,1,0
714,0,3,0.07692307692307693,0,0,-0.21528740212043518,1,0,0
715,0,2,1.8461538461538463,0,0,-0.06298073591573695,1,0,0
716,0,3,-0.6923076923076923,0,0,-0.29468678539255766,1,0,0
717,1,1,0.7692307692307693,0,0,9.227998752685192,0,0,1
718,1,2,-0.07692307692307693,0,0,-0.1712545908114476,0,0,0
719,0,3,0.0,0,0,0.04529311897997366,1,0,2
720,0,3,0.38461538461538464,0,0,-0.2892730926477721,1,0,0
721,1,2,-1.6923076923076923,0,1,0.803210103249948,0,1,0
722,0,3,-0.8461538461538461,1,0,-0.32049061049130345,1,1,0
723,0,2,0.46153846153846156,0,0,-0.06298073591573695,1,0,0
724,0,2,1.6923076923076923,0,0,-0.06298073591573695,1,0,0
725,1,1,-0.07692307692307693,1,0,1.6737318966114614,1,1,0
726,0,3,-0.6153846153846154,0,0,-0.2508358741597949,1,0,0
727,1,2,0.15384615384615385,3,0,0.283495599750537,0,3,0
728,1,3,0.0,0,0,-0.2908972004712078,0,0,2
729,0,2,-0.23076923076923078,1,0,0.5000433095419583,1,1,0
730,0,3,-0.23076923076923078,1,0,-0.2827766613540295,0,1,0
731,1,1,0.07692307692307693,0,0,8.526925542235466,0,0,0
732,0,3,-1.3076923076923077,0,0,0.18767323816783318,1,0,1
733,0,2,0.0,0,0,-0.6260047813734322,1,0,0
734,0,2,-0.38461538461538464,0,0,-0.06298073591573695,1,0,0
735,0,2,-0.38461538461538464,0,0,-0.06298073591573695,1,0,0
736,0,3,0.038461538461538464,0,0,0.07127884415494427,1,0,0
737,0,3,1.5384615384615385,1,3,0.8627607234425888,0,4,0
738,1,1,0.5384615384615384,0,0,21.56273820248077,1,0,1
739,0,3,0.0,0,0,-0.2840412999792114,1,0,0
740,0,3,0.0,0,0,-0.2840412999792114,1,0,0
741,1,1,0.0,0,0,0.6732814773750952,1,0,0
742,0,1,0.6153846153846154,1,0,2.7889526020372806,1,1,0
743,1,1,-0.5384615384615384,2,2,10.737336289931397,0,4,1
744,0,3,-0.3076923076923077,1,0,0.07127884415494427,1,1,0
745,1,3,0.23076923076923078,0,0,-0.2827766613540295,1,0,0
746,0,1,3.230769230769231,1,1,2.4489726976647495,1,2,0
747,0,3,-0.9230769230769231,1,1,0.25101344328182384,1,2,0
748,1,2,0.15384615384615385,0,0,-0.06298073591573695,0,0,0
749,0,1,-0.6923076923076923,1,0,1.6737318966114614,1,1,0
750,0,3,0.23076923076923078,0,0,-0.29035583119672925,1,0,2
751,1,2,-1.8461538461538463,1,1,0.37011468366710554,0,2,0
752,1,3,-1.6923076923076923,0,1,-0.0857182454438362,1,1,0
753,0,3,0.38461538461538464,0,0,-0.21456413276973182,1,0,0
754,0,3,-0.38461538461538464,0,0,-0.2840412999792114,1,0,0
755,1,2,1.5384615384615385,1,2,2.1891154459150437,0,3,0
756,1,2,-2.102307692307692,1,1,0.001983577021689412,1,2,0
757,0,3,0.0,0,0,-0.28837225417503987,1,0,0
758,0,2,-0.7692307692307693,0,0,-0.12794504885316332,1,0,0
759,0,3,0.46153846153846156,0,0,-0.277362968609244,1,0,0
760,1,1,0.38461538461538464,0,0,3.120270598018155,0,0,0
761,0,3,0.0,0,0,0.001983577021689412,1,0,0
762,0,3,1.0,0,0,-0.31742429492065694,1,0,0
763,1,3,-0.6153846153846154,0,0,-0.3129114406486037,1,0,1
764,1,1,0.6153846153846154,1,2,4.571140253620677,0,3,0
765,0,3,-0.9230769230769231,0,0,-0.2892730926477721,1,0,0
766,1,1,1.7692307692307692,1,0,2.7503334834730784,0,1,0
767,0,1,0.0,0,0,1.089053080174624,1,0,1
768,0,3,0.19230769230769232,0,0,-0.29035583119672925,0,0,2
769,0,3,0.0,1,0,0.41992065691913233,1,1,2
770,0,3,0.3076923076923077,0,0,-0.26382873674728013,1,0,0
771,0,3,-0.3076923076923077,0,0,-0.21456413276973182,1,0,0
772,0,3,1.5384615384615385,0,0,-0.2858429769246761,1,0,0
773,0,2,2.230769230769231,0,0,-0.1712545908114476,0,0,0
774,0,3,0.0,0,0,-0.31309334072482853,1,0,1
775,1,2,2.0,1,3,0.37011468366710554,0,4,0
776,0,3,-0.7692307692307693,0,0,-0.29035583119672925,1,0,0
777,0,3,0.0,0,0,-0.29035583119672925,1,0,2
778,1,3,-1.7692307692307692,0,0,-0.0857182454438362,0,0,0
779,0,3,0.0,0,0,-0.2908972004712078,1,0,2
780,1,1,1.1538461538461537,0,1,8.526925542235466,0,1,0
781,1,3,-1.1538461538461537,0,0,-0.3129114406486037,0,0,1
782,1,1,-0.8461538461538461,1,0,1.84263911024877,0,1,0
783,0,1,0.07692307692307693,0,0,0.6732814773750952,1,0,0
784,0,3,0.0,1,2,0.3896039775483334,1,3,0
785,0,3,-0.23076923076923078,0,0,-0.32067251056752827,1,0,0
786,0,3,-0.23076923076923078,0,0,-0.3120106021758714,1,0,0
787,1,3,-0.7692307692307693,0,0,-0.30136511676252514,0,0,0
788,0,3,-1.5384615384615385,4,1,0.6353856281615965,1,5,2
789,1,3,-2.076923076923077,1,2,0.2650890444182662,1,3,0
790,0,1,1.3846153846153846,0,0,2.8041109417226804,1,0,1
791,0,3,0.0,0,0,-0.29035583119672925,1,0,2
792,0,2,-0.9230769230769231,0,0,0.5000433095419583,1,0,0
793,0,3,0.0,8,2,2.3861738618252373,0,10,0
794,0,1,0.0,0,0,0.7034162566696693,1,0,1
795,0,3,-0.23076923076923078,0,0,-0.2840412999792114,1,0,0
796,0,2,0.8461538461538461,0,0,-0.06298073591573695,1,0,0
797,1,1,1.6153846153846154,0,0,0.4969769939713118,0,0,0
798,1,3,0.23076923076923078,0,0,-0.2499350356870626,0,0,0
799,0,3,0.15384615384615385,0,0,-0.3129114406486037,1,0,1
800,0,3,0.15384615384615385,1,1,0.41992065691913233,0,2,0
801,0,2,0.46153846153846156,0,0,-0.06298073591573695,1,0,0
802,1,2,0.23076923076923078,1,1,0.5108706950315294,0,2,0
803,1,1,-1.3076923076923077,1,2,4.571140253620677,1,3,0
804,1,3,-2.1215384615384614,0,1,-0.2571504053773127,1,1,1
805,1,3,-0.07692307692307693,0,0,-0.32392072621439955,1,0,0
806,0,3,0.23076923076923078,0,0,-0.2892730926477721,1,0,0
807,0,1,0.8461538461538461,0,0,-0.6260047813734322,1,0,0
808,0,3,-0.7692307692307693,0,0,-0.2892730926477721,0,0,0
809,0,2,0.8461538461538461,0,0,-0.06298073591573695,1,0,0
810,1,1,0.38461538461538464,1,0,1.6737318966114614,0,1,0
811,0,3,-0.15384615384615385,0,0,-0.28440076917746515,1,0,0
812,0,3,0.8461538461538461,0,0,0.41992065691913233,1,0,0
813,0,2,0.5384615384615384,0,0,-0.1712545908114476,1,0,0
814,0,3,-1.6923076923076923,4,2,0.7285011433719076,0,6,0
815,0,3,0.19230769230769232,0,0,-0.277362968609244,1,0,0
816,0,1,0.0,0,0,-0.6260047813734322,1,0,0
817,0,3,-0.38461538461538464,0,0,-0.2827766613540295,0,0,0
818,0,2,0.23076923076923078,1,1,0.9766301711593096,1,2,1
819,0,3,1.1538461538461537,0,0,-0.3466582357424988,1,0,0
820,0,3,-1.3846153846153846,3,2,0.5823314392626983,1,5,0
821,1,1,1.8461538461538463,1,1,3.423437391726145,0,2,0
822,1,3,-0.07692307692307693,0,0,-0.2508358741597949,1,0,0
823,0,1,0.7692307692307693,0,0,-0.6260047813734322,1,0,0
824,1,3,-0.07692307692307693,0,1,-0.0857182454438362,0,1,0
825,0,3,-2.0,4,1,1.092842665095974,1,5,0
826,0,3,0.0,0,0,-0.3250034647633567,1,0,2
827,0,3,0.0,0,0,1.8208024391934032,1,0,0
828,1,2,-2.076923076923077,0,2,0.9766301711593096,1,2,1
829,1,3,0.0,0,0,-0.29035583119672925,1,0,2
830,1,1,2.6153846153846154,0,0,2.8387585752893076,0,0,0
831,1,3,-1.0,1,0,0.0,0,1,1
832,1,2,-2.0900000000000003,1,1,0.18604913034439746,1,2,0
833,0,3,0.0,0,0,-0.3129114406486037,1,0,1
834,0,3,-0.38461538461538464,0,0,-0.2858429769246761,1,0,0
835,0,3,-0.7692307692307693,0,0,-0.2665355831196729,1,0,0
836,1,1,0.8461538461538461,1,1,2.9755431016561564,0,2,1
837,0,3,-0.5384615384615384,0,0,-0.2508358741597949,1,0,0
838,0,3,0.0,0,0,-0.277362968609244,1,0,0
839,1,3,0.3076923076923077,0,0,1.8208024391934032,1,0,0
840,1,1,0.0,0,0,0.6602886147876099,1,0,1
841,0,3,-0.6153846153846154,0,0,-0.2827766613540295,1,0,0
842,0,2,-0.9230769230769231,0,0,-0.1712545908114476,1,0,0
843,1,1,0.15384615384615385,0,0,0.7165910193333795,0,0,1
844,0,3,0.5,0,0,-0.34719960501697733,1,0,1
845,0,3,-0.8461538461538461,0,0,-0.2508358741597949,1,0,0
846,0,3,1.0769230769230769,0,0,-0.2990177395883861,1,0,0
847,0,3,0.0,8,2,2.3861738618252373,1,10,0
848,0,3,0.5384615384615384,0,0,-0.2840412999792114,1,0,1
849,0,2,0.0,0,1,0.803210103249948,1,1,0
850,1,1,0.0,1,0,3.2330573071859194,0,1,1
851,0,3,-1.8461538461538463,4,2,0.7285011433719076,1,6,0
852,0,3,3.5384615384615383,0,0,-0.2892730926477721,1,0,0
853,0,3,-1.4615384615384615,1,1,0.03428383341417777,0,2,1
854,1,1,-0.9230769230769231,0,1,1.080391171782967,0,1,0
855,0,2,1.2307692307692308,1,0,0.5000433095419583,0,1,0
856,1,3,-0.7692307692307693,0,1,-0.2210605640634745,0,1,0
857,1,1,1.3076923076923077,1,1,6.51429647980043,0,2,0
858,1,1,1.7692307692307692,0,0,0.5238635576190146,1,0,0
859,1,3,-0.3076923076923077,0,3,0.20806337052179327,0,3,1
860,0,3,0.0,0,0,-0.3129114406486037,1,0,1
861,0,3,1.0,2,0,-0.014980770563370535,1,2,0
862,0,2,-0.5384615384615384,1,0,-0.12794504885316332,1,1,0
863,1,1,1.5384615384615385,0,0,0.4969769939713118,0,0,0
864,0,3,0.0,8,2,2.3861738618252373,0,10,0
865,0,2,-0.3076923076923077,0,0,-0.06298073591573695,1,0,0
866,1,2,1.0769230769230769,0,0,-0.06298073591573695,0,0,0
867,1,2,-0.07692307692307693,1,0,-0.025808156052941598,0,1,1
868,0,1,0.23076923076923078,0,0,1.5609451874436977,1,0,0
869,0,3,0.0,0,0,-0.21456413276973182,1,0,0
870,1,3,-1.8461538461538463,1,1,-0.14382665788926616,1,2,0
871,0,3,-0.15384615384615385,0,0,-0.2840412999792114,1,0,0
872,1,1,1.4615384615384615,1,1,1.6500935486106298,0,2,0
873,0,1,0.38461538461538464,0,0,-0.40945707158201095,1,0,0
874,0,3,1.4615384615384615,0,0,-0.23621890374887394,1,0,0
875,1,2,0.0,1,0,0.4134242256253898,0,1,1
876,1,3,-1.0,0,0,-0.31309334072482853,0,0,1
877,0,3,-0.6153846153846154,0,0,-0.1995876931605571,1,0,0
878,0,3,-0.6923076923076923,0,0,-0.2840412999792114,1,0,0
879,0,3,0.0,0,0,-0.2840412999792114,1,0,0
880,1,1,2.1538461538461537,0,1,2.9755431016561564,0,1,1
881,1,2,-0.23076923076923078,0,1,0.5000433095419583,0,1,0
882,0,3,0.38461538461538464,0,0,-0.2840412999792114,1,0,0
883,0,3,-0.46153846153846156,0,0,-0.17053132146074423,0,0,0
884,0,2,0.0,0,0,-0.1712545908114476,1,0,0
885,0,3,-0.23076923076923078,0,0,-0.32067251056752827,1,0,0
886,0,3,0.8461538461538461,0,5,0.6353856281615965,0,5,2
887,0,2,-0.07692307692307693,0,0,-0.06298073591573695,1,0,0
888,1,1,-0.6923076923076923,0,0,0.6732814773750952,0,0,0
889,0,3,0.0,1,2,0.3896039775483334,0,3,0
890,1,1,-0.15384615384615385,0,0,0.6732814773750952,1,0,1
891,0,3,0.3076923076923077,0,0,-0.29035583119672925,1,0,2
